{"cameraMode":{"drawMode":0,"name":"Shaded","section":"Shading Mode"},"sceneLighting":false,"audioPlay":false,"sceneViewState":{"showFog":true,"showMaterialUpdate":false,"showSkybox":false,"showFlares":true,"showImageEffects":true,"showParticleSystems":true},"in2DMode":false,"pivot":{"x":1.0964508056640626,"y":-0.7477421760559082,"z":-0.6703276634216309},"rotation":{"x":-0.1718216836452484,"y":-0.8100611567497253,"z":0.2900375723838806,"w":-0.47995805740356448},"size":6.013914585113525,"orthographic":false}