{"cameraMode":{"drawMode":0,"name":"Shaded","section":"Shading Mode"},"sceneLighting":false,"audioPlay":false,"sceneViewState":{"showFog":true,"showMaterialUpdate":false,"showSkybox":false,"showFlares":true,"showImageEffects":true,"showParticleSystems":true},"in2DMode":false,"pivot":{"x":2.189667224884033,"y":-0.01462554931640625,"z":1.963618278503418},"rotation":{"x":-0.24510104954242707,"y":-0.5555313229560852,"z":0.17570574581623078,"w":-0.7750099897384644},"size":6.013914585113525,"orthographic":false}