{"cameraMode":{"drawMode":0,"name":"Shaded","section":"Shading Mode"},"sceneLighting":false,"audioPlay":false,"sceneViewState":{"showFog":true,"showMaterialUpdate":false,"showSkybox":false,"showFlares":true,"showImageEffects":true,"showParticleSystems":true},"in2DMode":false,"pivot":{"x":1.7400178909301758,"y":3.3110196590423586,"z":5.179175853729248},"rotation":{"x":0.09579151123762131,"y":0.8113433122634888,"z":-0.13885578513145448,"w":0.5597279667854309},"size":8.651308059692383,"orthographic":false}