{"cameraMode":{"drawMode":0,"name":"Shaded","section":"Shading Mode"},"sceneLighting":false,"audioPlay":false,"sceneViewState":{"showFog":true,"showMaterialUpdate":false,"showSkybox":false,"showFlares":true,"showImageEffects":true,"showParticleSystems":true},"in2DMode":false,"pivot":{"x":-0.557424008846283,"y":-0.21453475952148438,"z":-3.0589542388916017},"rotation":{"x":-0.4456278085708618,"y":0.12181860208511353,"z":-0.06133842095732689,"w":-0.8849332928657532},"size":3.6670241355895998,"orthographic":false}