{"cameraMode":{"drawMode":0,"name":"Shaded","section":"Shading Mode"},"sceneLighting":true,"audioPlay":false,"sceneViewState":{"showFog":true,"showMaterialUpdate":false,"showSkybox":true,"showFlares":true,"showImageEffects":true,"showParticleSystems":true},"in2DMode":false,"pivot":{"x":15.275884628295899,"y":-1.2608757019042969,"z":75.87113189697266},"rotation":{"x":0.20403540134429933,"y":0.29935911297798159,"z":-0.06577508896589279,"w":0.9299876093864441},"size":52.966766357421878,"orthographic":false}