{"cameraMode":{"drawMode":0,"name":"Shaded","section":"Shading Mode"},"sceneLighting":false,"audioPlay":false,"sceneViewState":{"showFog":true,"showMaterialUpdate":false,"showSkybox":false,"showFlares":true,"showImageEffects":true,"showParticleSystems":true},"in2DMode":false,"pivot":{"x":0.0417027473449707,"y":2.6472833156585695,"z":0.0960550308227539},"rotation":{"x":0.3761868178844452,"y":-0.08427783101797104,"z":0.03445317596197128,"w":0.9222407341003418},"size":3.6035969257354738,"orthographic":false}