{"cameraMode":{"drawMode":0,"name":"Shaded","section":"Shading Mode"},"sceneLighting":false,"audioPlay":false,"sceneViewState":{"showFog":true,"showMaterialUpdate":false,"showSkybox":false,"showFlares":true,"showImageEffects":true,"showParticleSystems":true},"in2DMode":false,"pivot":{"x":-0.4455604553222656,"y":0.34648990631103518,"z":-5.524542808532715},"rotation":{"x":-0.26854485273361208,"y":-0.4937126338481903,"z":0.16350539028644563,"w":-0.810873806476593},"size":9.078097343444825,"orthographic":false}