{"cameraMode":{"drawMode":0,"name":"Shaded","section":"Shading Mode"},"sceneLighting":false,"audioPlay":false,"sceneViewState":{"showFog":true,"showMaterialUpdate":false,"showSkybox":false,"showFlares":true,"showImageEffects":true,"showParticleSystems":true},"in2DMode":false,"pivot":{"x":0.5246930122375488,"y":-0.5988502502441406,"z":0.11594152450561524},"rotation":{"x":-0.33072277903556826,"y":0.1979149580001831,"z":-0.07098611444234848,"w":-0.9201907515525818},"size":5.142198085784912,"orthographic":false}