{"cameraMode":{"drawMode":0,"name":"Shaded","section":"Shading Mode"},"sceneLighting":false,"audioPlay":false,"sceneViewState":{"showFog":true,"showMaterialUpdate":false,"showSkybox":false,"showFlares":true,"showImageEffects":true,"showParticleSystems":true},"in2DMode":false,"pivot":{"x":-1.8357112407684327,"y":1.6279380321502686,"z":-0.9735509157180786},"rotation":{"x":0.26136255264282229,"y":0.563467800617218,"z":-0.19394996762275697,"w":0.7593371272087097},"size":0.8120188117027283,"orthographic":false}