{"cameraMode":{"drawMode":0,"name":"Shaded","section":"Shading Mode"},"sceneLighting":true,"audioPlay":false,"sceneViewState":{"showFog":true,"showMaterialUpdate":false,"showSkybox":true,"showFlares":true,"showImageEffects":true,"showParticleSystems":true},"in2DMode":false,"pivot":{"x":-36.41413879394531,"y":10.876114845275879,"z":78.42970275878906},"rotation":{"x":-0.13918952643871308,"y":0.13494877517223359,"z":-0.019624248147010804,"w":-0.9810861349105835},"size":10.428894996643067,"orthographic":false}