{"cameraMode":{"drawMode":0,"name":"Shaded","section":"Shading Mode"},"sceneLighting":false,"audioPlay":false,"sceneViewState":{"showFog":true,"showMaterialUpdate":false,"showSkybox":false,"showFlares":true,"showImageEffects":true,"showParticleSystems":true},"in2DMode":false,"pivot":{"x":-6.4290771484375,"y":-0.5225410461425781,"z":-52.32244110107422},"rotation":{"x":-0.29283419251441958,"y":0.5162670612335205,"z":-0.19339635968208314,"w":-0.7814498543739319},"size":28.678564071655275,"orthographic":false}